"INFORMATION TYPE","DATE","PERIOD","PRICE ($/MWh)"
"MFP","01-Feb-2024","1","10.00"
"MFP","01-Feb-2024","2","10.00"
"MFP","01-Feb-2024","3","10.00"
"MFP","01-Feb-2024","4","10.00"
"MFP","01-Feb-2024","5","10.00"
"MFP","01-Feb-2024","6","9.80"
"MFP","01-Feb-2024","7","9.80"
"MFP","01-Feb-2024","8","9.80"
"MFP","01-Feb-2024","9","9.80"
"MFP","01-Feb-2024","10","9.80"
"MFP","01-Feb-2024","11","10.00"
"MFP","01-Feb-2024","12","10.00"
"MFP","01-Feb-2024","13","15.00"
"MFP","01-Feb-2024","14","22.22"
"MFP","01-Feb-2024","15","22.22"
"MFP","01-Feb-2024","16","10.00"
"MFP","01-Feb-2024","17","10.00"
"MFP","01-Feb-2024","18","22.03"
"MFP","01-Feb-2024","19","15.00"
"MFP","01-Feb-2024","20","18.38"
"MFP","01-Feb-2024","21","15.00"
"MFP","01-Feb-2024","22","15.00"
"MFP","01-Feb-2024","23","9.80"
"MFP","01-Feb-2024","24","9.80"
"MFP","01-Feb-2024","25","10.95"
"MFP","01-Feb-2024","26","10.00"
"MFP","01-Feb-2024","27","11.99"
"MFP","01-Feb-2024","28","12.97"
"MFP","01-Feb-2024","29","9.90"
"MFP","01-Feb-2024","30","15.00"
"MFP","01-Feb-2024","31","15.00"
"MFP","01-Feb-2024","32","15.00"
"MFP","01-Feb-2024","33","15.00"
"MFP","01-Feb-2024","34","18.00"
"MFP","01-Feb-2024","35","18.00"
"MFP","01-Feb-2024","36","18.00"
"MFP","01-Feb-2024","37","22.29"
"MFP","01-Feb-2024","38","33.33"
"MFP","01-Feb-2024","39","22.22"
"MFP","01-Feb-2024","40","19.90"
"MFP","01-Feb-2024","41","19.99"
"MFP","01-Feb-2024","42","19.99"
"MFP","01-Feb-2024","43","10.00"
"MFP","01-Feb-2024","44","10.55"
"MFP","01-Feb-2024","45","10.00"
"MFP","01-Feb-2024","46","10.00"
"MFP","01-Feb-2024","47","10.00"
"MFP","01-Feb-2024","48","10.00"
"MFP","02-Feb-2024","1","10.00"
"MFP","02-Feb-2024","2","10.00"
"MFP","02-Feb-2024","3","10.00"
"MFP","02-Feb-2024","4","10.00"
"MFP","02-Feb-2024","5","10.00"
"MFP","02-Feb-2024","6","10.74"
"MFP","02-Feb-2024","7","10.00"
"MFP","02-Feb-2024","8","14.43"
"MFP","02-Feb-2024","9","11.11"
"MFP","02-Feb-2024","10","10.56"
"MFP","02-Feb-2024","11","10.00"
"MFP","02-Feb-2024","12","10.00"
"MFP","02-Feb-2024","13","15.00"
"MFP","02-Feb-2024","14","15.00"
"MFP","02-Feb-2024","15","22.22"
"MFP","02-Feb-2024","16","15.00"
"MFP","02-Feb-2024","17","10.00"
"MFP","02-Feb-2024","18","21.08"
"MFP","02-Feb-2024","19","15.00"
"MFP","02-Feb-2024","20","15.00"
"MFP","02-Feb-2024","21","12.26"
"MFP","02-Feb-2024","22","15.00"
"MFP","02-Feb-2024","23","10.00"
"MFP","02-Feb-2024","24","9.80"
"MFP","02-Feb-2024","25","9.80"
"MFP","02-Feb-2024","26","9.80"
"MFP","02-Feb-2024","27","9.80"
"MFP","02-Feb-2024","28","9.80"
"MFP","02-Feb-2024","29","9.80"
"MFP","02-Feb-2024","30","9.80"
"MFP","02-Feb-2024","31","10.63"
"MFP","02-Feb-2024","32","9.80"
"MFP","02-Feb-2024","33","11.11"
"MFP","02-Feb-2024","34","15.00"
"MFP","02-Feb-2024","35","15.00"
"MFP","02-Feb-2024","36","15.00"
"MFP","02-Feb-2024","37","22.22"
"MFP","02-Feb-2024","38","22.22"
"MFP","02-Feb-2024","39","22.22"
"MFP","02-Feb-2024","40","22.22"
"MFP","02-Feb-2024","41","15.00"
"MFP","02-Feb-2024","42","15.00"
"MFP","02-Feb-2024","43","9.80"
"MFP","02-Feb-2024","44","9.80"
"MFP","02-Feb-2024","45","10.00"
"MFP","02-Feb-2024","46","10.00"
"MFP","02-Feb-2024","47","10.00"
"MFP","02-Feb-2024","48","10.00"
"MFP","03-Feb-2024","1","10.00"
"MFP","03-Feb-2024","2","10.00"
"MFP","03-Feb-2024","3","10.00"
"MFP","03-Feb-2024","4","10.00"
"MFP","03-Feb-2024","5","9.80"
"MFP","03-Feb-2024","6","9.80"
"MFP","03-Feb-2024","7","9.80"
"MFP","03-Feb-2024","8","9.80"
"MFP","03-Feb-2024","9","9.80"
"MFP","03-Feb-2024","10","9.80"
"MFP","03-Feb-2024","11","9.80"
"MFP","03-Feb-2024","12","10.00"
"MFP","03-Feb-2024","13","11.11"
"MFP","03-Feb-2024","14","15.00"
"MFP","03-Feb-2024","15","30.03"
"MFP","03-Feb-2024","16","15.00"
"MFP","03-Feb-2024","17","10.05"
"MFP","03-Feb-2024","18","30.13"
"MFP","03-Feb-2024","19","11.11"
"MFP","03-Feb-2024","20","16.99"
"MFP","03-Feb-2024","21","11.50"
"MFP","03-Feb-2024","22","11.11"
"MFP","03-Feb-2024","23","11.11"
"MFP","03-Feb-2024","24","10.04"
"MFP","03-Feb-2024","25","11.11"
"MFP","03-Feb-2024","26","11.11"
"MFP","03-Feb-2024","27","11.11"
"MFP","03-Feb-2024","28","10.00"
"MFP","03-Feb-2024","29","10.00"
"MFP","03-Feb-2024","30","10.84"
"MFP","03-Feb-2024","31","11.11"
"MFP","03-Feb-2024","32","21.56"
"MFP","03-Feb-2024","33","22.22"
"MFP","03-Feb-2024","34","22.22"
"MFP","03-Feb-2024","35","20.94"
"MFP","03-Feb-2024","36","62.51"
"MFP","03-Feb-2024","37","183.83"
"MFP","03-Feb-2024","38","194.95"
"MFP","03-Feb-2024","39","194.95"
"MFP","03-Feb-2024","40","183.83"
"MFP","03-Feb-2024","41","74.74"
"MFP","03-Feb-2024","42","118.55"
"MFP","03-Feb-2024","43","32.68"
"MFP","03-Feb-2024","44","11.99"
"MFP","03-Feb-2024","45","11.11"
"MFP","03-Feb-2024","46","10.00"
"MFP","03-Feb-2024","47","10.00"
"MFP","03-Feb-2024","48","10.00"
"MFP","04-Feb-2024","1","10.04"
"MFP","04-Feb-2024","2","10.00"
"MFP","04-Feb-2024","3","10.00"
"MFP","04-Feb-2024","4","10.00"
"MFP","04-Feb-2024","5","10.00"
"MFP","04-Feb-2024","6","9.80"
"MFP","04-Feb-2024","7","9.80"
"MFP","04-Feb-2024","8","9.80"
"MFP","04-Feb-2024","9","9.80"
"MFP","04-Feb-2024","10","9.80"
"MFP","04-Feb-2024","11","10.00"
"MFP","04-Feb-2024","12","10.04"
"MFP","04-Feb-2024","13","11.11"
"MFP","04-Feb-2024","14","22.22"
"MFP","04-Feb-2024","15","35.00"
"MFP","04-Feb-2024","16","10.00"
"MFP","04-Feb-2024","17","10.00"
"MFP","04-Feb-2024","18","18.59"
"MFP","04-Feb-2024","19","10.00"
"MFP","04-Feb-2024","20","10.00"
"MFP","04-Feb-2024","21","10.00"
"MFP","04-Feb-2024","22","10.00"
"MFP","04-Feb-2024","23","9.80"
"MFP","04-Feb-2024","24","9.81"
"MFP","04-Feb-2024","25","10.00"
"MFP","04-Feb-2024","26","10.00"
"MFP","04-Feb-2024","27","10.00"
"MFP","04-Feb-2024","28","9.81"
"MFP","04-Feb-2024","29","9.81"
"MFP","04-Feb-2024","30","9.81"
"MFP","04-Feb-2024","31","11.11"
"MFP","04-Feb-2024","32","11.11"
"MFP","04-Feb-2024","33","10.00"
"MFP","04-Feb-2024","34","11.11"
"MFP","04-Feb-2024","35","11.11"
"MFP","04-Feb-2024","36","24.68"
"MFP","04-Feb-2024","37","33.44"
"MFP","04-Feb-2024","38","45.34"
"MFP","04-Feb-2024","39","52.69"
"MFP","04-Feb-2024","40","49.99"
"MFP","04-Feb-2024","41","40.94"
"MFP","04-Feb-2024","42","86.42"
"MFP","04-Feb-2024","43","33.33"
"MFP","04-Feb-2024","44","23.37"
"MFP","04-Feb-2024","45","11.50"
"MFP","04-Feb-2024","46","10.00"
"MFP","04-Feb-2024","47","10.00"
"MFP","04-Feb-2024","48","10.00"
"MFP","05-Feb-2024","1","11.11"
"MFP","05-Feb-2024","2","10.00"
"MFP","05-Feb-2024","3","9.80"
"MFP","05-Feb-2024","4","10.00"
"MFP","05-Feb-2024","5","9.80"
"MFP","05-Feb-2024","6","9.80"
"MFP","05-Feb-2024","7","9.80"
"MFP","05-Feb-2024","8","9.80"
"MFP","05-Feb-2024","9","10.00"
"MFP","05-Feb-2024","10","9.80"
"MFP","05-Feb-2024","11","10.00"
"MFP","05-Feb-2024","12","10.04"
"MFP","05-Feb-2024","13","10.00"
"MFP","05-Feb-2024","14","15.00"
"MFP","05-Feb-2024","15","24.68"
"MFP","05-Feb-2024","16","11.11"
"MFP","05-Feb-2024","17","10.00"
"MFP","05-Feb-2024","18","15.00"
"MFP","05-Feb-2024","19","15.00"
"MFP","05-Feb-2024","20","15.00"
"MFP","05-Feb-2024","21","10.04"
"MFP","05-Feb-2024","22","10.04"
"MFP","05-Feb-2024","23","10.00"
"MFP","05-Feb-2024","24","9.80"
"MFP","05-Feb-2024","25","10.00"
"MFP","05-Feb-2024","26","10.00"
"MFP","05-Feb-2024","27","10.00"
"MFP","05-Feb-2024","28","10.00"
"MFP","05-Feb-2024","29","10.00"
"MFP","05-Feb-2024","30","10.00"
"MFP","05-Feb-2024","31","11.11"
"MFP","05-Feb-2024","32","11.95"
"MFP","05-Feb-2024","33","11.95"
"MFP","05-Feb-2024","34","15.00"
"MFP","05-Feb-2024","35","15.00"
"MFP","05-Feb-2024","36","22.22"
"MFP","05-Feb-2024","37","33.33"
"MFP","05-Feb-2024","38","35.00"
"MFP","05-Feb-2024","39","24.68"
"MFP","05-Feb-2024","40","22.22"
"MFP","05-Feb-2024","41","22.22"
"MFP","05-Feb-2024","42","19.99"
"MFP","05-Feb-2024","43","11.11"
"MFP","05-Feb-2024","44","10.00"
"MFP","05-Feb-2024","45","10.00"
"MFP","05-Feb-2024","46","11.11"
"MFP","05-Feb-2024","47","11.11"
"MFP","05-Feb-2024","48","11.11"
"MFP","06-Feb-2024","1","10.00"
"MFP","06-Feb-2024","2","10.00"
"MFP","06-Feb-2024","3","9.80"
"MFP","06-Feb-2024","4","9.80"
"MFP","06-Feb-2024","5","9.80"
"MFP","06-Feb-2024","6","9.80"
"MFP","06-Feb-2024","7","9.80"
"MFP","06-Feb-2024","8","9.80"
"MFP","06-Feb-2024","9","9.80"
"MFP","06-Feb-2024","10","9.80"
"MFP","06-Feb-2024","11","9.80"
"MFP","06-Feb-2024","12","15.00"
"MFP","06-Feb-2024","13","10.00"
"MFP","06-Feb-2024","14","11.11"
"MFP","06-Feb-2024","15","22.22"
"MFP","06-Feb-2024","16","15.00"
"MFP","06-Feb-2024","17","10.00"
"MFP","06-Feb-2024","18","18.61"
"MFP","06-Feb-2024","19","17.11"
"MFP","06-Feb-2024","20","19.90"
"MFP","06-Feb-2024","21","15.00"
"MFP","06-Feb-2024","22","15.00"
"MFP","06-Feb-2024","23","11.11"
"MFP","06-Feb-2024","24","15.00"
"MFP","06-Feb-2024","25","15.00"
"MFP","06-Feb-2024","26","15.00"
"MFP","06-Feb-2024","27","15.00"
"MFP","06-Feb-2024","28","15.00"
"MFP","06-Feb-2024","29","15.00"
"MFP","06-Feb-2024","30","15.00"
"MFP","06-Feb-2024","31","15.00"
"MFP","06-Feb-2024","32","15.00"
"MFP","06-Feb-2024","33","15.00"
"MFP","06-Feb-2024","34","22.41"
"MFP","06-Feb-2024","35","22.41"
"MFP","06-Feb-2024","36","20.34"
"MFP","06-Feb-2024","37","24.68"
"MFP","06-Feb-2024","38","22.22"
"MFP","06-Feb-2024","39","33.33"
"MFP","06-Feb-2024","40","24.68"
"MFP","06-Feb-2024","41","22.22"
"MFP","06-Feb-2024","42","24.68"
"MFP","06-Feb-2024","43","22.22"
"MFP","06-Feb-2024","44","15.00"
"MFP","06-Feb-2024","45","10.00"
"MFP","06-Feb-2024","46","10.00"
"MFP","06-Feb-2024","47","10.00"
"MFP","06-Feb-2024","48","10.00"
"MFP","07-Feb-2024","1","15.00"
"MFP","07-Feb-2024","2","15.00"
"MFP","07-Feb-2024","3","10.00"
"MFP","07-Feb-2024","4","10.00"
"MFP","07-Feb-2024","5","10.00"
"MFP","07-Feb-2024","6","10.00"
"MFP","07-Feb-2024","7","10.00"
"MFP","07-Feb-2024","8","10.00"
"MFP","07-Feb-2024","9","10.00"
"MFP","07-Feb-2024","10","10.00"
"MFP","07-Feb-2024","11","10.00"
"MFP","07-Feb-2024","12","15.00"
"MFP","07-Feb-2024","13","11.11"
"MFP","07-Feb-2024","14","15.00"
"MFP","07-Feb-2024","15","22.22"
"MFP","07-Feb-2024","16","15.00"
"MFP","07-Feb-2024","17","10.02"
"MFP","07-Feb-2024","18","18.83"
"MFP","07-Feb-2024","19","18.00"
"MFP","07-Feb-2024","20","19.90"
"MFP","07-Feb-2024","21","15.00"
"MFP","07-Feb-2024","22","15.00"
"MFP","07-Feb-2024","23","15.00"
"MFP","07-Feb-2024","24","15.00"
"MFP","07-Feb-2024","25","15.00"
"MFP","07-Feb-2024","26","15.00"
"MFP","07-Feb-2024","27","15.00"
"MFP","07-Feb-2024","28","15.00"
"MFP","07-Feb-2024","29","20.88"
"MFP","07-Feb-2024","30","20.37"
"MFP","07-Feb-2024","31","22.22"
"MFP","07-Feb-2024","32","24.68"
"MFP","07-Feb-2024","33","22.41"
"MFP","07-Feb-2024","34","22.22"
"MFP","07-Feb-2024","35","20.88"
"MFP","07-Feb-2024","36","23.12"
"MFP","07-Feb-2024","37","33.33"
"MFP","07-Feb-2024","38","33.33"
"MFP","07-Feb-2024","39","24.68"
"MFP","07-Feb-2024","40","31.45"
"MFP","07-Feb-2024","41","33.44"
"MFP","07-Feb-2024","42","33.33"
"MFP","07-Feb-2024","43","15.00"
"MFP","07-Feb-2024","44","15.00"
"MFP","07-Feb-2024","45","10.00"
"MFP","07-Feb-2024","46","10.00"
"MFP","07-Feb-2024","47","10.00"
"MFP","07-Feb-2024","48","10.00"
"MFP","08-Feb-2024","1","10.00"
"MFP","08-Feb-2024","2","10.00"
"MFP","08-Feb-2024","3","9.80"
"MFP","08-Feb-2024","4","10.00"
"MFP","08-Feb-2024","5","10.00"
"MFP","08-Feb-2024","6","9.80"
"MFP","08-Feb-2024","7","9.80"
"MFP","08-Feb-2024","8","10.00"
"MFP","08-Feb-2024","9","9.80"
"MFP","08-Feb-2024","10","9.80"
"MFP","08-Feb-2024","11","10.00"
"MFP","08-Feb-2024","12","10.00"
"MFP","08-Feb-2024","13","10.00"
"MFP","08-Feb-2024","14","11.11"
"MFP","08-Feb-2024","15","22.22"
"MFP","08-Feb-2024","16","15.00"
"MFP","08-Feb-2024","17","10.00"
"MFP","08-Feb-2024","18","18.78"
"MFP","08-Feb-2024","19","16.88"
"MFP","08-Feb-2024","20","18.61"
"MFP","08-Feb-2024","21","15.00"
"MFP","08-Feb-2024","22","15.00"
"MFP","08-Feb-2024","23","13.35"
"MFP","08-Feb-2024","24","11.11"
"MFP","08-Feb-2024","25","15.00"
"MFP","08-Feb-2024","26","15.00"
"MFP","08-Feb-2024","27","15.00"
"MFP","08-Feb-2024","28","15.00"
"MFP","08-Feb-2024","29","15.00"
"MFP","08-Feb-2024","30","15.00"
"MFP","08-Feb-2024","31","20.88"
"MFP","08-Feb-2024","32","15.00"
"MFP","08-Feb-2024","33","15.00"
"MFP","08-Feb-2024","34","15.00"
"MFP","08-Feb-2024","35","15.00"
"MFP","08-Feb-2024","36","15.00"
"MFP","08-Feb-2024","37","18.00"
"MFP","08-Feb-2024","38","15.00"
"MFP","08-Feb-2024","39","15.00"
"MFP","08-Feb-2024","40","15.00"
"MFP","08-Feb-2024","41","15.00"
"MFP","08-Feb-2024","42","15.00"
"MFP","08-Feb-2024","43","9.80"
"MFP","08-Feb-2024","44","9.80"
"MFP","08-Feb-2024","45","9.80"
"MFP","08-Feb-2024","46","9.80"
"MFP","08-Feb-2024","47","9.80"
"MFP","08-Feb-2024","48","9.80"
"MFP","09-Feb-2024","1","9.80"
"MFP","09-Feb-2024","2","9.80"
"MFP","09-Feb-2024","3","9.80"
"MFP","09-Feb-2024","4","9.80"
"MFP","09-Feb-2024","5","9.80"
"MFP","09-Feb-2024","6","9.80"
"MFP","09-Feb-2024","7","9.80"
"MFP","09-Feb-2024","8","9.80"
"MFP","09-Feb-2024","9","9.80"
"MFP","09-Feb-2024","10","9.80"
"MFP","09-Feb-2024","11","9.80"
"MFP","09-Feb-2024","12","9.80"
"MFP","09-Feb-2024","13","9.89"
"MFP","09-Feb-2024","14","14.64"
"MFP","09-Feb-2024","15","19.79"
"MFP","09-Feb-2024","16","24.11"
"MFP","09-Feb-2024","17","14.53"
"MFP","09-Feb-2024","18","24.68"
"MFP","09-Feb-2024","19","22.22"
"MFP","09-Feb-2024","20","22.67"
"MFP","09-Feb-2024","21","22.13"
"MFP","09-Feb-2024","22","17.11"
"MFP","09-Feb-2024","23","11.58"
"MFP","09-Feb-2024","24","9.84"
"MFP","09-Feb-2024","25","9.89"
"MFP","09-Feb-2024","26","9.84"
"MFP","09-Feb-2024","27","10.06"
"MFP","09-Feb-2024","28","10.00"
"MFP","09-Feb-2024","29","10.00"
"MFP","09-Feb-2024","30","9.86"
"MFP","09-Feb-2024","31","10.06"
"MFP","09-Feb-2024","32","10.81"
"MFP","09-Feb-2024","33","16.02"
"MFP","09-Feb-2024","34","15.52"
"MFP","09-Feb-2024","35","20.34"
"MFP","09-Feb-2024","36","12.71"
"MFP","09-Feb-2024","37","19.40"
"MFP","09-Feb-2024","38","11.84"
"MFP","09-Feb-2024","39","15.94"
"MFP","09-Feb-2024","40","10.62"
"MFP","09-Feb-2024","41","10.29"
"MFP","09-Feb-2024","42","10.29"
"MFP","09-Feb-2024","43","9.85"
"MFP","09-Feb-2024","44","9.80"
"MFP","09-Feb-2024","45","9.80"
"MFP","09-Feb-2024","46","9.80"
"MFP","09-Feb-2024","47","9.84"
"MFP","09-Feb-2024","48","9.80"
"MFP","10-Feb-2024","1","10.00"
"MFP","10-Feb-2024","2","9.80"
"MFP","10-Feb-2024","3","9.80"
"MFP","10-Feb-2024","4","9.80"
"MFP","10-Feb-2024","5","9.80"
"MFP","10-Feb-2024","6","9.80"
"MFP","10-Feb-2024","7","5.03"
"MFP","10-Feb-2024","8","5.03"
"MFP","10-Feb-2024","9","5.03"
"MFP","10-Feb-2024","10","9.80"
"MFP","10-Feb-2024","11","9.80"
"MFP","10-Feb-2024","12","10.00"
"MFP","10-Feb-2024","13","10.00"
"MFP","10-Feb-2024","14","15.00"
"MFP","10-Feb-2024","15","24.68"
"MFP","10-Feb-2024","16","15.00"
"MFP","10-Feb-2024","17","10.00"
"MFP","10-Feb-2024","18","22.22"
"MFP","10-Feb-2024","19","10.00"
"MFP","10-Feb-2024","20","10.00"
"MFP","10-Feb-2024","21","10.00"
"MFP","10-Feb-2024","22","10.00"
"MFP","10-Feb-2024","23","9.80"
"MFP","10-Feb-2024","24","9.80"
"MFP","10-Feb-2024","25","10.00"
"MFP","10-Feb-2024","26","10.00"
"MFP","10-Feb-2024","27","10.00"
"MFP","10-Feb-2024","28","9.80"
"MFP","10-Feb-2024","29","9.80"
"MFP","10-Feb-2024","30","9.80"
"MFP","10-Feb-2024","31","10.00"
"MFP","10-Feb-2024","32","10.00"
"MFP","10-Feb-2024","33","10.00"
"MFP","10-Feb-2024","34","10.00"
"MFP","10-Feb-2024","35","10.00"
"MFP","10-Feb-2024","36","9.94"
"MFP","10-Feb-2024","37","22.22"
"MFP","10-Feb-2024","38","10.00"
"MFP","10-Feb-2024","39","15.00"
"MFP","10-Feb-2024","40","10.00"
"MFP","10-Feb-2024","41","10.00"
"MFP","10-Feb-2024","42","10.00"
"MFP","10-Feb-2024","43","9.80"
"MFP","10-Feb-2024","44","9.80"
"MFP","10-Feb-2024","45","9.80"
"MFP","10-Feb-2024","46","9.80"
"MFP","10-Feb-2024","47","9.80"
"MFP","10-Feb-2024","48","9.80"
"MFP","11-Feb-2024","1","10.00"
"MFP","11-Feb-2024","2","9.80"
"MFP","11-Feb-2024","3","9.80"
"MFP","11-Feb-2024","4","9.80"
"MFP","11-Feb-2024","5","9.80"
"MFP","11-Feb-2024","6","9.80"
"MFP","11-Feb-2024","7","9.80"
"MFP","11-Feb-2024","8","9.80"
"MFP","11-Feb-2024","9","9.80"
"MFP","11-Feb-2024","10","9.80"
"MFP","11-Feb-2024","11","9.80"
"MFP","11-Feb-2024","12","10.00"
"MFP","11-Feb-2024","13","10.00"
"MFP","11-Feb-2024","14","10.04"
"MFP","11-Feb-2024","15","24.68"
"MFP","11-Feb-2024","16","10.04"
"MFP","11-Feb-2024","17","10.00"
"MFP","11-Feb-2024","18","24.68"
"MFP","11-Feb-2024","19","10.00"
"MFP","11-Feb-2024","20","10.00"
"MFP","11-Feb-2024","21","10.00"
"MFP","11-Feb-2024","22","10.00"
"MFP","11-Feb-2024","23","9.80"
"MFP","11-Feb-2024","24","9.80"
"MFP","11-Feb-2024","25","10.00"
"MFP","11-Feb-2024","26","10.00"
"MFP","11-Feb-2024","27","10.00"
"MFP","11-Feb-2024","28","9.80"
"MFP","11-Feb-2024","29","9.80"
"MFP","11-Feb-2024","30","10.00"
"MFP","11-Feb-2024","31","10.00"
"MFP","11-Feb-2024","32","10.00"
"MFP","11-Feb-2024","33","10.00"
"MFP","11-Feb-2024","34","10.00"
"MFP","11-Feb-2024","35","10.00"
"MFP","11-Feb-2024","36","10.00"
"MFP","11-Feb-2024","37","24.68"
"MFP","11-Feb-2024","38","22.22"
"MFP","11-Feb-2024","39","24.68"
"MFP","11-Feb-2024","40","15.00"
"MFP","11-Feb-2024","41","11.50"
"MFP","11-Feb-2024","42","10.79"
"MFP","11-Feb-2024","43","9.80"
"MFP","11-Feb-2024","44","10.03"
"MFP","11-Feb-2024","45","10.67"
"MFP","11-Feb-2024","46","10.00"
"MFP","11-Feb-2024","47","10.00"
"MFP","11-Feb-2024","48","10.00"
"MFP","12-Feb-2024","1","10.00"
"MFP","12-Feb-2024","2","10.00"
"MFP","12-Feb-2024","3","9.80"
"MFP","12-Feb-2024","4","9.80"
"MFP","12-Feb-2024","5","9.80"
"MFP","12-Feb-2024","6","9.80"
"MFP","12-Feb-2024","7","9.80"
"MFP","12-Feb-2024","8","9.80"
"MFP","12-Feb-2024","9","9.80"
"MFP","12-Feb-2024","10","9.80"
"MFP","12-Feb-2024","11","9.80"
"MFP","12-Feb-2024","12","10.00"
"MFP","12-Feb-2024","13","10.00"
"MFP","12-Feb-2024","14","15.00"
"MFP","12-Feb-2024","15","24.68"
"MFP","12-Feb-2024","16","15.00"
"MFP","12-Feb-2024","17","10.00"
"MFP","12-Feb-2024","18","24.68"
"MFP","12-Feb-2024","19","10.00"
"MFP","12-Feb-2024","20","10.00"
"MFP","12-Feb-2024","21","10.00"
"MFP","12-Feb-2024","22","10.00"
"MFP","12-Feb-2024","23","9.80"
"MFP","12-Feb-2024","24","9.80"
"MFP","12-Feb-2024","25","10.00"
"MFP","12-Feb-2024","26","10.00"
"MFP","12-Feb-2024","27","10.00"
"MFP","12-Feb-2024","28","9.80"
"MFP","12-Feb-2024","29","9.80"
"MFP","12-Feb-2024","30","9.80"
"MFP","12-Feb-2024","31","10.00"
"MFP","12-Feb-2024","32","10.00"
"MFP","12-Feb-2024","33","10.00"
"MFP","12-Feb-2024","34","10.00"
"MFP","12-Feb-2024","35","10.00"
"MFP","12-Feb-2024","36","10.00"
"MFP","12-Feb-2024","37","24.68"
"MFP","12-Feb-2024","38","22.22"
"MFP","12-Feb-2024","39","15.09"
"MFP","12-Feb-2024","40","10.00"
"MFP","12-Feb-2024","41","10.00"
"MFP","12-Feb-2024","42","10.00"
"MFP","12-Feb-2024","43","9.80"
"MFP","12-Feb-2024","44","9.83"
"MFP","12-Feb-2024","45","9.80"
"MFP","12-Feb-2024","46","9.80"
"MFP","12-Feb-2024","47","9.80"
"MFP","12-Feb-2024","48","9.80"
"MFP","13-Feb-2024","1","10.00"
"MFP","13-Feb-2024","2","10.00"
"MFP","13-Feb-2024","3","9.80"
"MFP","13-Feb-2024","4","9.80"
"MFP","13-Feb-2024","5","9.80"
"MFP","13-Feb-2024","6","9.80"
"MFP","13-Feb-2024","7","9.80"
"MFP","13-Feb-2024","8","9.80"
"MFP","13-Feb-2024","9","9.80"
"MFP","13-Feb-2024","10","9.80"
"MFP","13-Feb-2024","11","9.80"
"MFP","13-Feb-2024","12","10.00"
"MFP","13-Feb-2024","13","10.00"
"MFP","13-Feb-2024","14","10.03"
"MFP","13-Feb-2024","15","24.68"
"MFP","13-Feb-2024","16","15.00"
"MFP","13-Feb-2024","17","10.00"
"MFP","13-Feb-2024","18","22.22"
"MFP","13-Feb-2024","19","10.00"
"MFP","13-Feb-2024","20","15.00"
"MFP","13-Feb-2024","21","10.00"
"MFP","13-Feb-2024","22","10.00"
"MFP","13-Feb-2024","23","9.80"
"MFP","13-Feb-2024","24","9.80"
"MFP","13-Feb-2024","25","10.00"
"MFP","13-Feb-2024","26","10.00"
"MFP","13-Feb-2024","27","10.00"
"MFP","13-Feb-2024","28","10.03"
"MFP","13-Feb-2024","29","15.00"
"MFP","13-Feb-2024","30","15.00"
"MFP","13-Feb-2024","31","15.00"
"MFP","13-Feb-2024","32","15.00"
"MFP","13-Feb-2024","33","15.00"
"MFP","13-Feb-2024","34","16.97"
"MFP","13-Feb-2024","35","15.00"
"MFP","13-Feb-2024","36","15.00"
"MFP","13-Feb-2024","37","24.68"
"MFP","13-Feb-2024","38","22.22"
"MFP","13-Feb-2024","39","24.68"
"MFP","13-Feb-2024","40","15.00"
"MFP","13-Feb-2024","41","15.00"
"MFP","13-Feb-2024","42","15.00"
"MFP","13-Feb-2024","43","9.80"
"MFP","13-Feb-2024","44","9.80"
"MFP","13-Feb-2024","45","9.80"
"MFP","13-Feb-2024","46","9.80"
"MFP","13-Feb-2024","47","9.80"
"MFP","13-Feb-2024","48","9.80"
"MFP","14-Feb-2024","1","10.00"
"MFP","14-Feb-2024","2","10.00"
"MFP","14-Feb-2024","3","5.03"
"MFP","14-Feb-2024","4","10.00"
"MFP","14-Feb-2024","5","10.00"
"MFP","14-Feb-2024","6","10.00"
"MFP","14-Feb-2024","7","5.03"
"MFP","14-Feb-2024","8","5.03"
"MFP","14-Feb-2024","9","10.00"
"MFP","14-Feb-2024","10","10.00"
"MFP","14-Feb-2024","11","0.01"
"MFP","14-Feb-2024","12","9.80"
"MFP","14-Feb-2024","13","10.00"
"MFP","14-Feb-2024","14","10.00"
"MFP","14-Feb-2024","15","15.00"
"MFP","14-Feb-2024","16","10.00"
"MFP","14-Feb-2024","17","9.80"
"MFP","14-Feb-2024","18","15.00"
"MFP","14-Feb-2024","19","12.97"
"MFP","14-Feb-2024","20","15.00"
"MFP","14-Feb-2024","21","15.00"
"MFP","14-Feb-2024","22","15.00"
"MFP","14-Feb-2024","23","9.80"
"MFP","14-Feb-2024","24","9.80"
"MFP","14-Feb-2024","25","10.00"
"MFP","14-Feb-2024","26","10.00"
"MFP","14-Feb-2024","27","12.97"
"MFP","14-Feb-2024","28","9.99"
"MFP","14-Feb-2024","29","9.99"
"MFP","14-Feb-2024","30","15.00"
"MFP","14-Feb-2024","31","15.00"
"MFP","14-Feb-2024","32","15.00"
"MFP","14-Feb-2024","33","15.00"
"MFP","14-Feb-2024","34","15.00"
"MFP","14-Feb-2024","35","15.00"
"MFP","14-Feb-2024","36","15.00"
"MFP","14-Feb-2024","37","24.68"
"MFP","14-Feb-2024","38","22.22"
"MFP","14-Feb-2024","39","24.68"
"MFP","14-Feb-2024","40","19.90"
"MFP","14-Feb-2024","41","18.00"
"MFP","14-Feb-2024","42","15.00"
"MFP","14-Feb-2024","43","9.80"
"MFP","14-Feb-2024","44","9.80"
"MFP","14-Feb-2024","45","9.80"
"MFP","14-Feb-2024","46","9.80"
"MFP","14-Feb-2024","47","9.80"
"MFP","14-Feb-2024","48","9.80"
"MFP","15-Feb-2024","1","9.80"
"MFP","15-Feb-2024","2","9.80"
"MFP","15-Feb-2024","3","9.80"
"MFP","15-Feb-2024","4","9.80"
"MFP","15-Feb-2024","5","9.80"
"MFP","15-Feb-2024","6","9.80"
"MFP","15-Feb-2024","7","9.80"
"MFP","15-Feb-2024","8","9.80"
"MFP","15-Feb-2024","9","9.80"
"MFP","15-Feb-2024","10","9.80"
"MFP","15-Feb-2024","11","9.80"
"MFP","15-Feb-2024","12","9.80"
"MFP","15-Feb-2024","13","9.80"
"MFP","15-Feb-2024","14","9.80"
"MFP","15-Feb-2024","15","15.00"
"MFP","15-Feb-2024","16","11.30"
"MFP","15-Feb-2024","17","10.00"
"MFP","15-Feb-2024","18","17.14"
"MFP","15-Feb-2024","19","15.00"
"MFP","15-Feb-2024","20","18.00"
"MFP","15-Feb-2024","21","15.00"
"MFP","15-Feb-2024","22","15.00"
"MFP","15-Feb-2024","23","10.23"
"MFP","15-Feb-2024","24","9.80"
"MFP","15-Feb-2024","25","15.00"
"MFP","15-Feb-2024","26","15.00"
"MFP","15-Feb-2024","27","22.22"
"MFP","15-Feb-2024","28","22.22"
"MFP","15-Feb-2024","29","32.47"
"MFP","15-Feb-2024","30","36.87"
"MFP","15-Feb-2024","31","33.33"
"MFP","15-Feb-2024","32","44.44"
"MFP","15-Feb-2024","33","20.34"
"MFP","15-Feb-2024","34","30.02"
"MFP","15-Feb-2024","35","44.68"
"MFP","15-Feb-2024","36","30.02"
"MFP","15-Feb-2024","37","42.13"
"MFP","15-Feb-2024","38","44.44"
"MFP","15-Feb-2024","39","53.57"
"MFP","15-Feb-2024","40","43.80"
"MFP","15-Feb-2024","41","35.57"
"MFP","15-Feb-2024","42","22.33"
"MFP","15-Feb-2024","43","19.24"
"MFP","15-Feb-2024","44","19.50"
"MFP","15-Feb-2024","45","11.99"
"MFP","15-Feb-2024","46","9.80"
"MFP","15-Feb-2024","47","9.80"
"MFP","15-Feb-2024","48","9.80"
"MFP","16-Feb-2024","1","9.80"
"MFP","16-Feb-2024","2","10.00"
"MFP","16-Feb-2024","3","9.80"
"MFP","16-Feb-2024","4","9.80"
"MFP","16-Feb-2024","5","9.80"
"MFP","16-Feb-2024","6","9.80"
"MFP","16-Feb-2024","7","9.80"
"MFP","16-Feb-2024","8","9.80"
"MFP","16-Feb-2024","9","9.80"
"MFP","16-Feb-2024","10","9.80"
"MFP","16-Feb-2024","11","9.80"
"MFP","16-Feb-2024","12","9.80"
"MFP","16-Feb-2024","13","9.80"
"MFP","16-Feb-2024","14","10.00"
"MFP","16-Feb-2024","15","22.22"
"MFP","16-Feb-2024","16","15.00"
"MFP","16-Feb-2024","17","15.00"
"MFP","16-Feb-2024","18","24.68"
"MFP","16-Feb-2024","19","18.00"
"MFP","16-Feb-2024","20","18.00"
"MFP","16-Feb-2024","21","15.00"
"MFP","16-Feb-2024","22","15.00"
"MFP","16-Feb-2024","23","11.16"
"MFP","16-Feb-2024","24","9.98"
"MFP","16-Feb-2024","25","15.00"
"MFP","16-Feb-2024","26","15.00"
"MFP","16-Feb-2024","27","15.00"
"MFP","16-Feb-2024","28","10.00"
"MFP","16-Feb-2024","29","9.80"
"MFP","16-Feb-2024","30","10.00"
"MFP","16-Feb-2024","31","15.00"
"MFP","16-Feb-2024","32","15.00"
"MFP","16-Feb-2024","33","15.00"
"MFP","16-Feb-2024","34","15.00"
"MFP","16-Feb-2024","35","15.00"
"MFP","16-Feb-2024","36","15.00"
"MFP","16-Feb-2024","37","15.00"
"MFP","16-Feb-2024","38","15.00"
"MFP","16-Feb-2024","39","15.00"
"MFP","16-Feb-2024","40","20.88"
"MFP","16-Feb-2024","41","15.00"
"MFP","16-Feb-2024","42","15.00"
"MFP","16-Feb-2024","43","15.00"
"MFP","16-Feb-2024","44","15.00"
"MFP","16-Feb-2024","45","15.00"
"MFP","16-Feb-2024","46","10.00"
"MFP","16-Feb-2024","47","10.00"
"MFP","16-Feb-2024","48","9.80"
"MFP","17-Feb-2024","1","9.80"
"MFP","17-Feb-2024","2","10.00"
"MFP","17-Feb-2024","3","9.80"
"MFP","17-Feb-2024","4","9.80"
"MFP","17-Feb-2024","5","9.80"
"MFP","17-Feb-2024","6","9.80"
"MFP","17-Feb-2024","7","9.80"
"MFP","17-Feb-2024","8","9.80"
"MFP","17-Feb-2024","9","9.80"
"MFP","17-Feb-2024","10","9.80"
"MFP","17-Feb-2024","11","9.80"
"MFP","17-Feb-2024","12","9.80"
"MFP","17-Feb-2024","13","9.80"
"MFP","17-Feb-2024","14","10.00"
"MFP","17-Feb-2024","15","22.22"
"MFP","17-Feb-2024","16","13.97"
"MFP","17-Feb-2024","17","10.00"
"MFP","17-Feb-2024","18","22.22"
"MFP","17-Feb-2024","19","11.42"
"MFP","17-Feb-2024","20","11.50"
"MFP","17-Feb-2024","21","10.81"
"MFP","17-Feb-2024","22","10.81"
"MFP","17-Feb-2024","23","10.00"
"MFP","17-Feb-2024","24","9.86"
"MFP","17-Feb-2024","25","10.00"
"MFP","17-Feb-2024","26","10.04"
"MFP","17-Feb-2024","27","10.81"
"MFP","17-Feb-2024","28","10.79"
"MFP","17-Feb-2024","29","10.79"
"MFP","17-Feb-2024","30","10.79"
"MFP","17-Feb-2024","31","10.79"
"MFP","17-Feb-2024","32","10.99"
"MFP","17-Feb-2024","33","10.81"
"MFP","17-Feb-2024","34","10.00"
"MFP","17-Feb-2024","35","10.67"
"MFP","17-Feb-2024","36","20.37"
"MFP","17-Feb-2024","37","34.18"
"MFP","17-Feb-2024","38","34.50"
"MFP","17-Feb-2024","39","35.44"
"MFP","17-Feb-2024","40","35.46"
"MFP","17-Feb-2024","41","35.43"
"MFP","17-Feb-2024","42","29.68"
"MFP","17-Feb-2024","43","25.08"
"MFP","17-Feb-2024","44","23.85"
"MFP","17-Feb-2024","45","15.00"
"MFP","17-Feb-2024","46","9.80"
"MFP","17-Feb-2024","47","9.80"
"MFP","17-Feb-2024","48","9.80"
"MFP","18-Feb-2024","1","11.11"
"MFP","18-Feb-2024","2","10.00"
"MFP","18-Feb-2024","3","10.00"
"MFP","18-Feb-2024","4","10.00"
"MFP","18-Feb-2024","5","9.80"
"MFP","18-Feb-2024","6","9.80"
"MFP","18-Feb-2024","7","9.80"
"MFP","18-Feb-2024","8","9.80"
"MFP","18-Feb-2024","9","9.80"
"MFP","18-Feb-2024","10","9.80"
"MFP","18-Feb-2024","11","9.80"
"MFP","18-Feb-2024","12","10.00"
"MFP","18-Feb-2024","13","10.00"
"MFP","18-Feb-2024","14","22.22"
"MFP","18-Feb-2024","15","35.00"
"MFP","18-Feb-2024","16","24.68"
"MFP","18-Feb-2024","17","10.00"
"MFP","18-Feb-2024","18","33.33"
"MFP","18-Feb-2024","19","10.00"
"MFP","18-Feb-2024","20","10.00"
"MFP","18-Feb-2024","21","10.00"
"MFP","18-Feb-2024","22","10.00"
"MFP","18-Feb-2024","23","9.80"
"MFP","18-Feb-2024","24","9.80"
"MFP","18-Feb-2024","25","10.00"
"MFP","18-Feb-2024","26","10.00"
"MFP","18-Feb-2024","27","10.00"
"MFP","18-Feb-2024","28","9.80"
"MFP","18-Feb-2024","29","9.80"
"MFP","18-Feb-2024","30","9.89"
"MFP","18-Feb-2024","31","10.36"
"MFP","18-Feb-2024","32","10.79"
"MFP","18-Feb-2024","33","17.11"
"MFP","18-Feb-2024","34","31.45"
"MFP","18-Feb-2024","35","24.68"
"MFP","18-Feb-2024","36","27.53"
"MFP","18-Feb-2024","37","35.44"
"MFP","18-Feb-2024","38","44.44"
"MFP","18-Feb-2024","39","44.44"
"MFP","18-Feb-2024","40","37.92"
"MFP","18-Feb-2024","41","35.57"
"MFP","18-Feb-2024","42","51.25"
"MFP","18-Feb-2024","43","44.44"
"MFP","18-Feb-2024","44","35.83"
"MFP","18-Feb-2024","45","24.68"
"MFP","18-Feb-2024","46","15.00"
"MFP","18-Feb-2024","47","10.00"
"MFP","18-Feb-2024","48","10.00"
"MFP","19-Feb-2024","1","9.99"
"MFP","19-Feb-2024","2","9.80"
"MFP","19-Feb-2024","3","9.80"
"MFP","19-Feb-2024","4","9.80"
"MFP","19-Feb-2024","5","9.80"
"MFP","19-Feb-2024","6","9.80"
"MFP","19-Feb-2024","7","9.80"
"MFP","19-Feb-2024","8","9.80"
"MFP","19-Feb-2024","9","9.80"
"MFP","19-Feb-2024","10","9.80"
"MFP","19-Feb-2024","11","9.80"
"MFP","19-Feb-2024","12","9.80"
"MFP","19-Feb-2024","13","10.00"
"MFP","19-Feb-2024","14","15.78"
"MFP","19-Feb-2024","15","28.75"
"MFP","19-Feb-2024","16","22.22"
"MFP","19-Feb-2024","17","18.64"
"MFP","19-Feb-2024","18","22.22"
"MFP","19-Feb-2024","19","20.34"
"MFP","19-Feb-2024","20","20.88"
"MFP","19-Feb-2024","21","15.00"
"MFP","19-Feb-2024","22","15.00"
"MFP","19-Feb-2024","23","12.78"
"MFP","19-Feb-2024","24","11.16"
"MFP","19-Feb-2024","25","15.00"
"MFP","19-Feb-2024","26","9.80"
"MFP","19-Feb-2024","27","9.80"
"MFP","19-Feb-2024","28","9.80"
"MFP","19-Feb-2024","29","9.80"
"MFP","19-Feb-2024","30","10.00"
"MFP","19-Feb-2024","31","15.09"
"MFP","19-Feb-2024","32","15.86"
"MFP","19-Feb-2024","33","15.87"
"MFP","19-Feb-2024","34","17.87"
"MFP","19-Feb-2024","35","15.00"
"MFP","19-Feb-2024","36","15.00"
"MFP","19-Feb-2024","37","33.33"
"MFP","19-Feb-2024","38","24.68"
"MFP","19-Feb-2024","39","33.33"
"MFP","19-Feb-2024","40","24.68"
"MFP","19-Feb-2024","41","19.99"
"MFP","19-Feb-2024","42","23.40"
"MFP","19-Feb-2024","43","10.00"
"MFP","19-Feb-2024","44","10.00"
"MFP","19-Feb-2024","45","15.00"
"MFP","19-Feb-2024","46","9.80"
"MFP","19-Feb-2024","47","9.80"
"MFP","19-Feb-2024","48","9.80"
"MFP","20-Feb-2024","1","10.00"
"MFP","20-Feb-2024","2","9.80"
"MFP","20-Feb-2024","3","9.80"
"MFP","20-Feb-2024","4","9.80"
"MFP","20-Feb-2024","5","9.80"
"MFP","20-Feb-2024","6","10.00"
"MFP","20-Feb-2024","7","10.00"
"MFP","20-Feb-2024","8","10.00"
"MFP","20-Feb-2024","9","10.00"
"MFP","20-Feb-2024","10","10.00"
"MFP","20-Feb-2024","11","9.80"
"MFP","20-Feb-2024","12","10.00"
"MFP","20-Feb-2024","13","10.00"
"MFP","20-Feb-2024","14","15.00"
"MFP","20-Feb-2024","15","35.00"
"MFP","20-Feb-2024","16","15.00"
"MFP","20-Feb-2024","17","10.00"
"MFP","20-Feb-2024","18","22.22"
"MFP","20-Feb-2024","19","15.00"
"MFP","20-Feb-2024","20","15.00"
"MFP","20-Feb-2024","21","14.95"
"MFP","20-Feb-2024","22","10.00"
"MFP","20-Feb-2024","23","10.00"
"MFP","20-Feb-2024","24","15.00"
"MFP","20-Feb-2024","25","15.00"
"MFP","20-Feb-2024","26","18.00"
"MFP","20-Feb-2024","27","22.22"
"MFP","20-Feb-2024","28","15.00"
"MFP","20-Feb-2024","29","22.22"
"MFP","20-Feb-2024","30","24.68"
"MFP","20-Feb-2024","31","35.00"
"MFP","20-Feb-2024","32","44.44"
"MFP","20-Feb-2024","33","30.00"
"MFP","20-Feb-2024","34","35.00"
"MFP","20-Feb-2024","35","33.33"
"MFP","20-Feb-2024","36","15.00"
"MFP","20-Feb-2024","37","39.95"
"MFP","20-Feb-2024","38","33.33"
"MFP","20-Feb-2024","39","50.00"
"MFP","20-Feb-2024","40","39.99"
"MFP","20-Feb-2024","41","35.00"
"MFP","20-Feb-2024","42","35.00"
"MFP","20-Feb-2024","43","24.68"
"MFP","20-Feb-2024","44","15.00"
"MFP","20-Feb-2024","45","15.00"
"MFP","20-Feb-2024","46","15.00"
"MFP","20-Feb-2024","47","10.00"
"MFP","20-Feb-2024","48","10.00"
"MFP","21-Feb-2024","1","10.00"
"MFP","21-Feb-2024","2","10.00"
"MFP","21-Feb-2024","3","10.00"
"MFP","21-Feb-2024","4","10.00"
"MFP","21-Feb-2024","5","9.80"
"MFP","21-Feb-2024","6","9.80"
"MFP","21-Feb-2024","7","9.80"
"MFP","21-Feb-2024","8","10.00"
"MFP","21-Feb-2024","9","10.00"
"MFP","21-Feb-2024","10","9.80"
"MFP","21-Feb-2024","11","10.00"
"MFP","21-Feb-2024","12","10.00"
"MFP","21-Feb-2024","13","15.00"
"MFP","21-Feb-2024","14","24.68"
"MFP","21-Feb-2024","15","35.00"
"MFP","21-Feb-2024","16","33.33"
"MFP","21-Feb-2024","17","19.90"
"MFP","21-Feb-2024","18","22.22"
"MFP","21-Feb-2024","19","15.00"
"MFP","21-Feb-2024","20","22.22"
"MFP","21-Feb-2024","21","17.20"
"MFP","21-Feb-2024","22","18.00"
"MFP","21-Feb-2024","23","15.00"
"MFP","21-Feb-2024","24","9.80"
"MFP","21-Feb-2024","25","15.00"
"MFP","21-Feb-2024","26","15.00"
"MFP","21-Feb-2024","27","15.00"
"MFP","21-Feb-2024","28","12.29"
"MFP","21-Feb-2024","29","10.00"
"MFP","21-Feb-2024","30","15.00"
"MFP","21-Feb-2024","31","22.22"
"MFP","21-Feb-2024","32","22.22"
"MFP","21-Feb-2024","33","24.68"
"MFP","21-Feb-2024","34","24.68"
"MFP","21-Feb-2024","35","24.68"
"MFP","21-Feb-2024","36","33.00"
"MFP","21-Feb-2024","37","43.72"
"MFP","21-Feb-2024","38","44.44"
"MFP","21-Feb-2024","39","44.44"
"MFP","21-Feb-2024","40","38.00"
"MFP","21-Feb-2024","41","35.00"
"MFP","21-Feb-2024","42","35.00"
"MFP","21-Feb-2024","43","35.00"
"MFP","21-Feb-2024","44","33.33"
"MFP","21-Feb-2024","45","29.90"
"MFP","21-Feb-2024","46","20.68"
"MFP","21-Feb-2024","47","10.00"
"MFP","21-Feb-2024","48","10.00"
"MFP","22-Feb-2024","1","9.80"
"MFP","22-Feb-2024","2","9.80"
"MFP","22-Feb-2024","3","9.80"
"MFP","22-Feb-2024","4","10.00"
"MFP","22-Feb-2024","5","10.00"
"MFP","22-Feb-2024","6","10.00"
"MFP","22-Feb-2024","7","10.00"
"MFP","22-Feb-2024","8","9.80"
"MFP","22-Feb-2024","9","10.00"
"MFP","22-Feb-2024","10","10.00"
"MFP","22-Feb-2024","11","9.80"
"MFP","22-Feb-2024","12","9.80"
"MFP","22-Feb-2024","13","9.80"
"MFP","22-Feb-2024","14","10.00"
"MFP","22-Feb-2024","15","23.15"
"MFP","22-Feb-2024","16","24.67"
"MFP","22-Feb-2024","17","13.03"
"MFP","22-Feb-2024","18","22.22"
"MFP","22-Feb-2024","19","22.22"
"MFP","22-Feb-2024","20","22.29"
"MFP","22-Feb-2024","21","18.00"
"MFP","22-Feb-2024","22","15.00"
"MFP","22-Feb-2024","23","15.00"
"MFP","22-Feb-2024","24","10.00"
"MFP","22-Feb-2024","25","15.00"
"MFP","22-Feb-2024","26","15.00"
"MFP","22-Feb-2024","27","19.99"
"MFP","22-Feb-2024","28","15.00"
"MFP","22-Feb-2024","29","15.00"
"MFP","22-Feb-2024","30","15.00"
"MFP","22-Feb-2024","31","20.34"
"MFP","22-Feb-2024","32","23.50"
"MFP","22-Feb-2024","33","23.80"
"MFP","22-Feb-2024","34","24.68"
"MFP","22-Feb-2024","35","24.68"
"MFP","22-Feb-2024","36","33.33"
"MFP","22-Feb-2024","37","35.00"
"MFP","22-Feb-2024","38","35.00"
"MFP","22-Feb-2024","39","35.00"
"MFP","22-Feb-2024","40","39.99"
"MFP","22-Feb-2024","41","35.00"
"MFP","22-Feb-2024","42","35.00"
"MFP","22-Feb-2024","43","29.99"
"MFP","22-Feb-2024","44","30.00"
"MFP","22-Feb-2024","45","28.00"
"MFP","22-Feb-2024","46","24.68"
"MFP","22-Feb-2024","47","15.00"
"MFP","22-Feb-2024","48","15.00"
"MFP","23-Feb-2024","1","19.99"
"MFP","23-Feb-2024","2","15.00"
"MFP","23-Feb-2024","3","10.00"
"MFP","23-Feb-2024","4","10.00"
"MFP","23-Feb-2024","5","9.80"
"MFP","23-Feb-2024","6","10.04"
"MFP","23-Feb-2024","7","10.00"
"MFP","23-Feb-2024","8","10.00"
"MFP","23-Feb-2024","9","10.04"
"MFP","23-Feb-2024","10","11.03"
"MFP","23-Feb-2024","11","9.80"
"MFP","23-Feb-2024","12","10.00"
"MFP","23-Feb-2024","13","10.00"
"MFP","23-Feb-2024","14","15.00"
"MFP","23-Feb-2024","15","24.68"
"MFP","23-Feb-2024","16","18.03"
"MFP","23-Feb-2024","17","15.00"
"MFP","23-Feb-2024","18","32.71"
"MFP","23-Feb-2024","19","22.22"
"MFP","23-Feb-2024","20","22.83"
"MFP","23-Feb-2024","21","24.68"
"MFP","23-Feb-2024","22","20.34"
"MFP","23-Feb-2024","23","15.00"
"MFP","23-Feb-2024","24","15.00"
"MFP","23-Feb-2024","25","15.00"
"MFP","23-Feb-2024","26","20.88"
"MFP","23-Feb-2024","27","24.09"
"MFP","23-Feb-2024","28","22.22"
"MFP","23-Feb-2024","29","22.68"
"MFP","23-Feb-2024","30","22.68"
"MFP","23-Feb-2024","31","35.00"
"MFP","23-Feb-2024","32","35.00"
"MFP","23-Feb-2024","33","33.33"
"MFP","23-Feb-2024","34","35.00"
"MFP","23-Feb-2024","35","33.33"
"MFP","23-Feb-2024","36","33.33"
"MFP","23-Feb-2024","37","35.00"
"MFP","23-Feb-2024","38","35.00"
"MFP","23-Feb-2024","39","38.00"
"MFP","23-Feb-2024","40","33.33"
"MFP","23-Feb-2024","41","33.33"
"MFP","23-Feb-2024","42","30.00"
"MFP","23-Feb-2024","43","28.00"
"MFP","23-Feb-2024","44","29.95"
"MFP","23-Feb-2024","45","28.00"
"MFP","23-Feb-2024","46","23.00"
"MFP","23-Feb-2024","47","22.22"
"MFP","23-Feb-2024","48","13.21"
"MFP","24-Feb-2024","1","33.00"
"MFP","24-Feb-2024","2","21.46"
"MFP","24-Feb-2024","3","12.57"
"MFP","24-Feb-2024","4","10.00"
"MFP","24-Feb-2024","5","10.00"
"MFP","24-Feb-2024","6","9.80"
"MFP","24-Feb-2024","7","9.80"
"MFP","24-Feb-2024","8","9.80"
"MFP","24-Feb-2024","9","9.80"
"MFP","24-Feb-2024","10","9.80"
"MFP","24-Feb-2024","11","11.75"
"MFP","24-Feb-2024","12","29.84"
"MFP","24-Feb-2024","13","31.94"
"MFP","24-Feb-2024","14","34.47"
"MFP","24-Feb-2024","15","44.44"
"MFP","24-Feb-2024","16","44.69"
"MFP","24-Feb-2024","17","76.66"
"MFP","24-Feb-2024","18","116.55"
"MFP","24-Feb-2024","19","88.80"
"MFP","24-Feb-2024","20","114.33"
"MFP","24-Feb-2024","21","75.43"
"MFP","24-Feb-2024","22","73.44"
"MFP","24-Feb-2024","23","44.44"
"MFP","24-Feb-2024","24","50.00"
"MFP","24-Feb-2024","25","45.86"
"MFP","24-Feb-2024","26","53.57"
"MFP","24-Feb-2024","27","76.77"
"MFP","24-Feb-2024","28","50.00"
"MFP","24-Feb-2024","29","32.77"
"MFP","24-Feb-2024","30","34.50"
"MFP","24-Feb-2024","31","53.57"
"MFP","24-Feb-2024","32","53.57"
"MFP","24-Feb-2024","33","37.29"
"MFP","24-Feb-2024","34","47.36"
"MFP","24-Feb-2024","35","44.76"
"MFP","24-Feb-2024","36","58.00"
"MFP","24-Feb-2024","37","105.38"
"MFP","24-Feb-2024","38","86.42"
"MFP","24-Feb-2024","39","178.57"
"MFP","24-Feb-2024","40","142.79"
"MFP","24-Feb-2024","41","183.41"
"MFP","24-Feb-2024","42","186.37"
"MFP","24-Feb-2024","43","168.00"
"MFP","24-Feb-2024","44","56.31"
"MFP","24-Feb-2024","45","43.94"
"MFP","24-Feb-2024","46","33.33"
"MFP","24-Feb-2024","47","22.22"
"MFP","24-Feb-2024","48","9.80"
"MFP","25-Feb-2024","1","10.03"
"MFP","25-Feb-2024","2","10.00"
"MFP","25-Feb-2024","3","9.80"
"MFP","25-Feb-2024","4","9.80"
"MFP","25-Feb-2024","5","9.80"
"MFP","25-Feb-2024","6","9.80"
"MFP","25-Feb-2024","7","9.80"
"MFP","25-Feb-2024","8","9.80"
"MFP","25-Feb-2024","9","9.80"
"MFP","25-Feb-2024","10","9.80"
"MFP","25-Feb-2024","11","10.00"
"MFP","25-Feb-2024","12","10.03"
"MFP","25-Feb-2024","13","10.03"
"MFP","25-Feb-2024","14","22.22"
"MFP","25-Feb-2024","15","33.33"
"MFP","25-Feb-2024","16","22.22"
"MFP","25-Feb-2024","17","10.00"
"MFP","25-Feb-2024","18","24.68"
"MFP","25-Feb-2024","19","11.90"
"MFP","25-Feb-2024","20","16.99"
"MFP","25-Feb-2024","21","11.79"
"MFP","25-Feb-2024","22","11.79"
"MFP","25-Feb-2024","23","10.00"
"MFP","25-Feb-2024","24","10.00"
"MFP","25-Feb-2024","25","10.00"
"MFP","25-Feb-2024","26","10.29"
"MFP","25-Feb-2024","27","10.03"
"MFP","25-Feb-2024","28","11.79"
"MFP","25-Feb-2024","29","11.50"
"MFP","25-Feb-2024","30","10.03"
"MFP","25-Feb-2024","31","10.03"
"MFP","25-Feb-2024","32","15.05"
"MFP","25-Feb-2024","33","10.78"
"MFP","25-Feb-2024","34","13.19"
"MFP","25-Feb-2024","35","22.22"
"MFP","25-Feb-2024","36","25.39"
"MFP","25-Feb-2024","37","54.59"
"MFP","25-Feb-2024","38","124.44"
"MFP","25-Feb-2024","39","175.36"
"MFP","25-Feb-2024","40","175.43"
"MFP","25-Feb-2024","41","175.44"
"MFP","25-Feb-2024","42","178.32"
"MFP","25-Feb-2024","43","193.00"
"MFP","25-Feb-2024","44","171.54"
"MFP","25-Feb-2024","45","112.64"
"MFP","25-Feb-2024","46","36.04"
"MFP","25-Feb-2024","47","44.44"
"MFP","25-Feb-2024","48","24.68"
"MFP","26-Feb-2024","1","15.00"
"MFP","26-Feb-2024","2","10.00"
"MFP","26-Feb-2024","3","9.80"
"MFP","26-Feb-2024","4","9.80"
"MFP","26-Feb-2024","5","9.80"
"MFP","26-Feb-2024","6","9.80"
"MFP","26-Feb-2024","7","9.80"
"MFP","26-Feb-2024","8","9.80"
"MFP","26-Feb-2024","9","9.80"
"MFP","26-Feb-2024","10","9.80"
"MFP","26-Feb-2024","11","10.00"
"MFP","26-Feb-2024","12","10.04"
"MFP","26-Feb-2024","13","12.58"
"MFP","26-Feb-2024","14","24.68"
"MFP","26-Feb-2024","15","43.75"
"MFP","26-Feb-2024","16","58.88"
"MFP","26-Feb-2024","17","86.23"
"MFP","26-Feb-2024","18","108.75"
"MFP","26-Feb-2024","19","109.12"
"MFP","26-Feb-2024","20","109.04"
"MFP","26-Feb-2024","21","118.23"
"MFP","26-Feb-2024","22","108.21"
"MFP","26-Feb-2024","23","44.44"
"MFP","26-Feb-2024","24","40.19"
"MFP","26-Feb-2024","25","53.57"
"MFP","26-Feb-2024","26","44.44"
"MFP","26-Feb-2024","27","33.33"
"MFP","26-Feb-2024","28","51.00"
"MFP","26-Feb-2024","29","25.05"
"MFP","26-Feb-2024","30","24.68"
"MFP","26-Feb-2024","31","26.62"
"MFP","26-Feb-2024","32","31.45"
"MFP","26-Feb-2024","33","27.18"
"MFP","26-Feb-2024","34","31.45"
"MFP","26-Feb-2024","35","31.45"
"MFP","26-Feb-2024","36","33.33"
"MFP","26-Feb-2024","37","44.44"
"MFP","26-Feb-2024","38","42.48"
"MFP","26-Feb-2024","39","53.57"
"MFP","26-Feb-2024","40","43.76"
"MFP","26-Feb-2024","41","35.00"
"MFP","26-Feb-2024","42","44.44"
"MFP","26-Feb-2024","43","35.00"
"MFP","26-Feb-2024","44","35.00"
"MFP","26-Feb-2024","45","33.33"
"MFP","26-Feb-2024","46","28.00"
"MFP","26-Feb-2024","47","15.00"
"MFP","26-Feb-2024","48","15.00"
"MFP","27-Feb-2024","1","12.07"
"MFP","27-Feb-2024","2","10.00"
"MFP","27-Feb-2024","3","10.00"
"MFP","27-Feb-2024","4","10.00"
"MFP","27-Feb-2024","5","10.00"
"MFP","27-Feb-2024","6","10.00"
"MFP","27-Feb-2024","7","10.00"
"MFP","27-Feb-2024","8","10.00"
"MFP","27-Feb-2024","9","10.00"
"MFP","27-Feb-2024","10","10.00"
"MFP","27-Feb-2024","11","10.00"
"MFP","27-Feb-2024","12","10.00"
"MFP","27-Feb-2024","13","10.03"
"MFP","27-Feb-2024","14","15.00"
"MFP","27-Feb-2024","15","24.68"
"MFP","27-Feb-2024","16","15.00"
"MFP","27-Feb-2024","17","15.00"
"MFP","27-Feb-2024","18","33.40"
"MFP","27-Feb-2024","19","24.68"
"MFP","27-Feb-2024","20","25.52"
"MFP","27-Feb-2024","21","33.00"
"MFP","27-Feb-2024","22","25.95"
"MFP","27-Feb-2024","23","34.99"
"MFP","27-Feb-2024","24","16.90"
"MFP","27-Feb-2024","25","22.57"
"MFP","27-Feb-2024","26","22.34"
"MFP","27-Feb-2024","27","22.68"
"MFP","27-Feb-2024","28","21.45"
"MFP","27-Feb-2024","29","21.45"
"MFP","27-Feb-2024","30","21.45"
"MFP","27-Feb-2024","31","22.68"
"MFP","27-Feb-2024","32","24.68"
"MFP","27-Feb-2024","33","24.68"
"MFP","27-Feb-2024","34","24.76"
"MFP","27-Feb-2024","35","24.48"
"MFP","27-Feb-2024","36","24.57"
"MFP","27-Feb-2024","37","33.40"
"MFP","27-Feb-2024","38","33.33"
"MFP","27-Feb-2024","39","34.95"
"MFP","27-Feb-2024","40","32.68"
"MFP","27-Feb-2024","41","24.68"
"MFP","27-Feb-2024","42","32.10"
"MFP","27-Feb-2024","43","30.10"
"MFP","27-Feb-2024","44","30.10"
"MFP","27-Feb-2024","45","30.10"
"MFP","27-Feb-2024","46","24.68"
"MFP","27-Feb-2024","47","19.99"
"MFP","27-Feb-2024","48","15.00"
"MFP","28-Feb-2024","1","10.00"
"MFP","28-Feb-2024","2","9.80"
"MFP","28-Feb-2024","3","9.80"
"MFP","28-Feb-2024","4","9.80"
"MFP","28-Feb-2024","5","9.80"
"MFP","28-Feb-2024","6","9.80"
"MFP","28-Feb-2024","7","9.80"
"MFP","28-Feb-2024","8","9.80"
"MFP","28-Feb-2024","9","9.80"
"MFP","28-Feb-2024","10","9.80"
"MFP","28-Feb-2024","11","9.80"
"MFP","28-Feb-2024","12","10.00"
"MFP","28-Feb-2024","13","10.00"
"MFP","28-Feb-2024","14","53.57"
"MFP","28-Feb-2024","15","23.15"
"MFP","28-Feb-2024","16","15.00"
"MFP","28-Feb-2024","17","21.81"
"MFP","28-Feb-2024","18","33.33"
"MFP","28-Feb-2024","19","33.76"
"MFP","28-Feb-2024","20","35.00"
"MFP","28-Feb-2024","21","32.09"
"MFP","28-Feb-2024","22","24.67"
"MFP","28-Feb-2024","23","22.22"
"MFP","28-Feb-2024","24","15.00"
"MFP","28-Feb-2024","25","20.88"
"MFP","28-Feb-2024","26","22.83"
"MFP","28-Feb-2024","27","24.68"
"MFP","28-Feb-2024","28","20.88"
"MFP","28-Feb-2024","29","22.87"
"MFP","28-Feb-2024","30","24.68"
"MFP","28-Feb-2024","31","24.68"
"MFP","28-Feb-2024","32","26.46"
"MFP","28-Feb-2024","33","25.08"
"MFP","28-Feb-2024","34","44.44"
"MFP","28-Feb-2024","35","33.33"
"MFP","28-Feb-2024","36","33.40"
"MFP","28-Feb-2024","37","44.44"
"MFP","28-Feb-2024","38","35.00"
"MFP","28-Feb-2024","39","35.00"
"MFP","28-Feb-2024","40","34.67"
"MFP","28-Feb-2024","41","33.33"
"MFP","28-Feb-2024","42","31.45"
"MFP","28-Feb-2024","43","15.00"
"MFP","28-Feb-2024","44","15.00"
"MFP","28-Feb-2024","45","15.00"
"MFP","28-Feb-2024","46","13.00"
"MFP","28-Feb-2024","47","10.00"
"MFP","28-Feb-2024","48","10.00"
"MFP","29-Feb-2024","1","15.00"
"MFP","29-Feb-2024","2","9.90"
"MFP","29-Feb-2024","3","9.80"
"MFP","29-Feb-2024","4","9.80"
"MFP","29-Feb-2024","5","9.80"
"MFP","29-Feb-2024","6","9.80"
"MFP","29-Feb-2024","7","9.80"
"MFP","29-Feb-2024","8","9.80"
"MFP","29-Feb-2024","9","9.80"
"MFP","29-Feb-2024","10","9.80"
"MFP","29-Feb-2024","11","9.80"
"MFP","29-Feb-2024","12","13.02"
"MFP","29-Feb-2024","13","13.02"
"MFP","29-Feb-2024","14","18.00"
"MFP","29-Feb-2024","15","23.15"
"MFP","29-Feb-2024","16","18.00"
"MFP","29-Feb-2024","17","18.00"
"MFP","29-Feb-2024","18","33.33"
"MFP","29-Feb-2024","19","33.33"
"MFP","29-Feb-2024","20","35.44"
"MFP","29-Feb-2024","21","35.44"
"MFP","29-Feb-2024","22","24.37"
"MFP","29-Feb-2024","23","15.88"
"MFP","29-Feb-2024","24","15.00"
"MFP","29-Feb-2024","25","15.46"
"MFP","29-Feb-2024","26","15.00"
"MFP","29-Feb-2024","27","28.00"
"MFP","29-Feb-2024","28","22.22"
"MFP","29-Feb-2024","29","24.98"
"MFP","29-Feb-2024","30","33.33"
"MFP","29-Feb-2024","31","24.68"
"MFP","29-Feb-2024","32","27.92"
"MFP","29-Feb-2024","33","33.33"
"MFP","29-Feb-2024","34","35.00"
"MFP","29-Feb-2024","35","33.33"
"MFP","29-Feb-2024","36","44.68"
"MFP","29-Feb-2024","37","122.22"
"MFP","29-Feb-2024","38","58.88"
"MFP","29-Feb-2024","39","53.57"
"MFP","29-Feb-2024","40","50.00"
"MFP","29-Feb-2024","41","44.44"
"MFP","29-Feb-2024","42","46.90"
"MFP","29-Feb-2024","43","33.33"
"MFP","29-Feb-2024","44","92.70"
"MFP","29-Feb-2024","45","92.70"
"MFP","29-Feb-2024","46","30.10"
"MFP","29-Feb-2024","47","28.00"
"MFP","29-Feb-2024","48","21.45"
